filename	is_connected	largest_cc_nodes	total_nodes	largest_cc_ratio
1000569.npz	False	21	178	0.11797752808988764
1000570.npz	False	167	268	0.6231343283582089
1000588.npz	False	150	254	0.5905511811023622
1001530.npz	False	330	558	0.5913978494623656
1001585.npz	False	1007	1398	0.7203147353361946
100226.npz	False	1063	1423	0.7470133520730851
1002339.npz	False	193	431	0.44779582366589327
1002672.npz	False	363	506	0.717391304347826
1002804.npz	False	351	516	0.6802325581395349
1003195.npz	False	237	499	0.4749498997995992
1003200.npz	False	493	896	0.5502232142857143
1004836.npz	False	163	428	0.3808411214953271
1005048.npz	False	872	1247	0.6992782678428228
1005057.npz	False	174	217	0.8018433179723502
1005058.npz	False	127	352	0.36079545454545453
1005090.npz	False	180	231	0.7792207792207793
1005705.npz	False	177	260	0.6807692307692308
1006006.npz	False	326	440	0.740909090909091
1006551.npz	False	1313	1819	0.7218251786695987
1007104.npz	False	288	441	0.6530612244897959
1007105.npz	False	779	1069	0.7287184284377923
1008459.npz	False	291	470	0.6191489361702127
10090.npz	False	12312	12498	0.985117618819011
1009370.npz	False	95	443	0.2144469525959368
10116.npz	False	9067	9439	0.9605890454497299
10141.npz	False	18	165	0.10909090909090909
101510.npz	False	1527	1812	0.8427152317880795
10228.npz	False	787	1353	0.581670362158167
1026882.npz	False	54	372	0.14516129032258066
1027292.npz	False	209	659	0.3171471927162367
1028307.npz	False	1145	1529	0.7488554610856769
1028803.npz	False	161	320	0.503125
1028805.npz	False	166	317	0.5236593059936908
1029718.npz	False	170	315	0.5396825396825397
1031711.npz	False	664	868	0.7649769585253456
1032480.npz	False	746	996	0.748995983935743
1033802.npz	False	135	420	0.32142857142857145
1033806.npz	False	425	575	0.7391304347826086
1033810.npz	False	150	309	0.4854368932038835
1033837.npz	False	300	421	0.7125890736342043
1034807.npz	False	459	557	0.8240574506283662
1034808.npz	False	12	67	0.1791044776119403
1035184.npz	False	152	296	0.5135135135135135
1035188.npz	False	224	399	0.5614035087719298
1035189.npz	False	116	236	0.4915254237288136
1036673.npz	False	912	1681	0.5425342058298632
1036674.npz	False	193	347	0.5561959654178674
103690.npz	False	673	997	0.675025075225677
1037409.npz	False	1228	1839	0.6677542142468733
1040964.npz	False	102	307	0.3322475570032573
1041504.npz	False	202	330	0.6121212121212121
1041826.npz	False	404	511	0.7906066536203522
1042156.npz	False	421	597	0.7051926298157454
1042163.npz	False	204	462	0.44155844155844154
1042876.npz	False	1095	1465	0.7474402730375427
1042877.npz	False	235	351	0.6695156695156695
1045854.npz	False	202	307	0.6579804560260586
1045855.npz	False	670	871	0.7692307692307693
1045856.npz	False	429	668	0.6422155688622755
1045858.npz	False	349	604	0.5778145695364238
1046627.npz	False	60	260	0.23076923076923078
1046629.npz	False	369	524	0.7041984732824428
1048834.npz	False	623	753	0.8273572377158035
1051632.npz	False	693	855	0.8105263157894737
1051646.npz	False	401	717	0.5592747559274756
1052684.npz	False	73	307	0.23778501628664495
1054460.npz	False	376	527	0.713472485768501
105559.npz	False	574	712	0.8061797752808989
106370.npz	False	731	893	0.8185890257558791
1064535.npz	False	473	591	0.8003384094754653
1064539.npz	False	421	672	0.6264880952380952
1064592.npz	False	899	1432	0.6277932960893855
1069533.npz	False	383	532	0.7199248120300752
1071378.npz	False	892	1424	0.6264044943820225
1071381.npz	False	867	1376	0.6300872093023255
1074889.npz	False	187	221	0.8461538461538461
1075399.npz	False	172	214	0.8037383177570093
107806.npz	False	167	240	0.6958333333333333
1082931.npz	False	666	1083	0.6149584487534626
1085623.npz	False	647	833	0.7767106842737095
1097668.npz	False	1283	1755	0.7310541310541311
1104324.npz	False	408	517	0.7891682785299806
110662.npz	False	477	605	0.7884297520661157
1110509.npz	False	403	548	0.7354014598540146
1111069.npz	False	583	722	0.8074792243767313
1111676.npz	False	48	82	0.5853658536585366
1112204.npz	False	949	1221	0.7772317772317773
1114970.npz	False	915	1041	0.8789625360230547
1116231.npz	False	376	569	0.6608084358523726
1116375.npz	False	981	1326	0.7398190045248869
1117943.npz	False	710	1036	0.6853281853281853
1127134.npz	False	844	1090	0.7743119266055046
1129369.npz	False	85	147	0.5782312925170068
1133850.npz	False	1288	1641	0.7848872638634978
1140.npz	False	598	808	0.7400990099009901
1142511.npz	False	241	275	0.8763636363636363
114615.npz	False	1620	1965	0.8244274809160306
1148.npz	False	2149	2185	0.9835240274599543
115713.npz	False	133	229	0.5807860262008734
118168.npz	False	70	378	0.18518518518518517
121225.npz	False	1108	1710	0.6479532163742691
122586.npz	False	445	565	0.7876106194690266
123214.npz	False	398	550	0.7236363636363636
132908.npz	False	19	107	0.17757009345794392
134676.npz	False	1267	1588	0.7978589420654912
13616.npz	False	4187	4937	0.8480858821146445
13684.npz	False	961	1499	0.6410940627084724
13735.npz	False	2714	3464	0.7834872979214781
137722.npz	False	412	627	0.6570972886762361
138119.npz	False	577	884	0.6527149321266968
140110.npz	False	1293	1842	0.7019543973941368
146891.npz	False	412	563	0.7317939609236235
148305.npz	False	11	26	0.4230769230769231
15368.npz	False	1903	3326	0.5721587492483463
153948.npz	False	487	610	0.7983606557377049
155864.npz	False	1285	1594	0.8061480552070264
156889.npz	False	541	714	0.757703081232493
158189.npz	False	476	793	0.6002522068095839
158190.npz	False	490	892	0.5493273542600897
158878.npz	False	513	767	0.6688396349413298
159087.npz	False	784	1047	0.7488061127029608
160488.npz	False	1083	1371	0.7899343544857768
160490.npz	False	317	468	0.6773504273504274
160492.npz	False	189	374	0.5053475935828877
162425.npz	False	1019	1459	0.6984235777930089
163164.npz	False	54	172	0.313953488372093
164757.npz	False	1091	1368	0.797514619883041
166314.npz	False	75	278	0.2697841726618705
167539.npz	False	357	549	0.6502732240437158
167542.npz	False	203	368	0.5516304347826086
167546.npz	False	397	549	0.7231329690346083
167555.npz	False	403	564	0.7145390070921985
167879.npz	False	740	949	0.779768177028451
169963.npz	False	187	392	0.4770408163265306
170187.npz	False	442	816	0.5416666666666666
171101.npz	False	379	558	0.6792114695340502
176279.npz	False	535	709	0.7545839210155149
176280.npz	False	481	684	0.7032163742690059
176299.npz	False	988	1422	0.6947960618846695
177416.npz	False	59	261	0.2260536398467433
177437.npz	False	719	1071	0.6713352007469654
177439.npz	False	532	750	0.7093333333333334
178306.npz	False	333	464	0.7176724137931034
180281.npz	False	217	410	0.5292682926829269
182082.npz	False	139	245	0.5673469387755102
184922.npz	False	53	238	0.22268907563025211
186497.npz	False	342	499	0.685370741482966
187272.npz	False	656	815	0.8049079754601227
187410.npz	False	81	535	0.15140186915887852
187420.npz	False	52	296	0.17567567567567569
188626.npz	False	97	357	0.27170868347338933
188937.npz	False	90	577	0.1559792027729636
189518.npz	False	459	629	0.7297297297297297
190192.npz	False	278	383	0.7258485639686684
190304.npz	False	353	537	0.6573556797020484
190485.npz	False	849	1047	0.8108882521489972
190486.npz	False	816	1047	0.7793696275071633
190650.npz	False	679	930	0.7301075268817204
192222.npz	False	1034	1073	0.9636533084808947
192952.npz	False	481	693	0.6940836940836941
194439.npz	False	419	590	0.7101694915254237
195103.npz	False	466	643	0.7247278382581649
196162.npz	False	953	1178	0.8089983022071308
196164.npz	False	569	749	0.7596795727636849
196627.npz	False	216	519	0.4161849710982659
197221.npz	False	490	700	0.7
198094.npz	False	804	1116	0.7204301075268817
198214.npz	False	948	1230	0.7707317073170732
198628.npz	False	1048	1361	0.7700220426157237
198804.npz	False	24	150	0.16
199310.npz	False	1210	1521	0.7955292570677186
203119.npz	False	449	649	0.6918335901386748
203120.npz	False	403	599	0.672787979966611
203122.npz	False	611	771	0.7924773022049286
203123.npz	False	262	439	0.5968109339407744
203124.npz	False	564	791	0.7130214917825537
203267.npz	False	63	191	0.3298429319371728
203275.npz	False	374	467	0.8008565310492506
203907.npz	False	234	287	0.8153310104529616
204536.npz	False	373	487	0.7659137577002053
204669.npz	False	248	604	0.4105960264900662
204773.npz	False	717	871	0.8231917336394948
205914.npz	False	431	586	0.735494880546075
205918.npz	False	956	1316	0.7264437689969605
205920.npz	False	194	276	0.7028985507246377
205922.npz	False	409	821	0.4981729598051157
206672.npz	False	319	424	0.7523584905660378
207559.npz	False	519	802	0.6471321695760599
207949.npz	False	248	444	0.5585585585585585
207954.npz	False	159	469	0.3390191897654584
208596.npz	False	483	716	0.6745810055865922
208964.npz	False	1075	1529	0.7030739045127534
210007.npz	False	388	521	0.744721689059501
2110.npz	False	76	152	0.5
211110.npz	False	114	268	0.4253731343283582
211586.npz	False	734	908	0.8083700440528634
212042.npz	False	186	279	0.6666666666666666
212717.npz	False	205	402	0.5099502487562189
213810.npz	False	330	422	0.7819905213270142
214092.npz	False	275	588	0.467687074829932
214684.npz	False	597	1123	0.5316117542297417
216432.npz	False	451	541	0.833641404805915
216591.npz	False	1324	1807	0.7327061427780852
216594.npz	False	1017	1237	0.8221503637833468
216595.npz	False	391	806	0.4851116625310174
216596.npz	False	867	1208	0.7177152317880795
216895.npz	False	1017	1230	0.8268292682926829
218491.npz	False	1061	1307	0.8117827084927315
218493.npz	False	893	1193	0.7485331098072087
218495.npz	False	372	520	0.7153846153846154
218497.npz	False	136	228	0.5964912280701754
220341.npz	False	1011	1334	0.7578710644677661
220664.npz	False	271	805	0.33664596273291925
220668.npz	False	521	774	0.6731266149870802
221109.npz	False	619	923	0.6706392199349945
221988.npz	False	556	698	0.7965616045845272
222891.npz	False	148	236	0.6271186440677966
222929.npz	False	732	1228	0.5960912052117264
223283.npz	False	952	1324	0.7190332326283988
223926.npz	False	856	1260	0.6793650793650794
224308.npz	False	1293	1494	0.8654618473895582
224324.npz	False	381	532	0.7161654135338346
224325.npz	False	31	294	0.1054421768707483
224326.npz	False	48	186	0.25806451612903225
224911.npz	False	1395	1931	0.7224236147074055
224914.npz	False	352	684	0.5146198830409356
224915.npz	False	20	151	0.13245033112582782
225849.npz	False	792	997	0.794383149448345
225937.npz	False	819	1109	0.7385031559963932
226185.npz	False	476	745	0.6389261744966444
226186.npz	False	607	824	0.7366504854368932
226900.npz	False	862	1180	0.7305084745762712
227377.npz	False	370	458	0.8078602620087336
227882.npz	False	1159	1446	0.8015214384508991
227941.npz	False	17	128	0.1328125
228399.npz	False	91	320	0.284375
228405.npz	False	645	821	0.7856272838002436
228410.npz	False	491	629	0.78060413354531
228908.npz	False	21	43	0.4883720930232558
229533.npz	False	11	44	0.25
232348.npz	False	156	365	0.4273972602739726
232721.npz	False	724	1035	0.6995169082125604
233412.npz	False	50	251	0.199203187250996
234267.npz	False	938	1180	0.7949152542372881
234621.npz	False	1048	1394	0.7517934002869441
234826.npz	False	195	299	0.6521739130434783
234831.npz	False	639	881	0.7253121452894438
235279.npz	False	138	304	0.45394736842105265
235909.npz	False	640	923	0.6933911159263272
240015.npz	False	633	761	0.8318002628120894
240016.npz	False	29	225	0.1288888888888889
240176.npz	False	749	1396	0.5365329512893983
240292.npz	False	750	1072	0.6996268656716418
242619.npz	False	62	210	0.29523809523809524
243090.npz	False	595	810	0.7345679012345679
243159.npz	False	550	701	0.7845934379457917
243160.npz	False	201	659	0.30500758725341426
243161.npz	False	18	132	0.13636363636363635
243164.npz	False	245	350	0.7
243230.npz	False	487	700	0.6957142857142857
243231.npz	False	472	752	0.6276595744680851
243232.npz	False	357	473	0.7547568710359408
243233.npz	False	636	748	0.8502673796791443
243265.npz	False	820	1045	0.784688995215311
243272.npz	False	61	107	0.5700934579439252
243273.npz	False	64	98	0.6530612244897959
243274.npz	False	73	288	0.2534722222222222
243275.npz	False	201	406	0.49507389162561577
243276.npz	False	641	664	0.9653614457831325
243277.npz	False	292	541	0.5397412199630314
243365.npz	False	857	1156	0.7413494809688581
244592.npz	False	290	695	0.4172661870503597
245014.npz	False	374	584	0.6404109589041096
245018.npz	False	65	361	0.18005540166204986
246194.npz	False	520	692	0.7514450867052023
246195.npz	False	241	344	0.7005813953488372
246196.npz	False	381	1111	0.34293429342934295
246197.npz	False	787	1085	0.7253456221198157
246199.npz	False	27	256	0.10546875
246200.npz	False	787	1066	0.7382739212007504
246410.npz	False	663	1193	0.5557418273260687
246969.npz	False	246	385	0.638961038961039
247156.npz	False	503	701	0.717546362339515
251221.npz	False	603	832	0.7247596153846154
252305.npz	False	397	763	0.5203145478374837
253839.npz	False	336	680	0.49411764705882355
254945.npz	False	57	144	0.3958333333333333
255470.npz	False	66	228	0.2894736842105263
257310.npz	False	1043	1440	0.7243055555555555
257313.npz	False	745	1004	0.7420318725099602
257314.npz	False	32	146	0.2191780821917808
257363.npz	False	171	251	0.6812749003984063
258594.npz	False	1041	1444	0.7209141274238227
259536.npz	False	511	617	0.8282009724473258
259564.npz	False	393	520	0.7557692307692307
260799.npz	False	880	1131	0.7780725022104332
261292.npz	False	511	664	0.7695783132530121
261317.npz	False	88	115	0.7652173913043478
262316.npz	False	90	369	0.24390243902439024
262543.npz	False	507	739	0.6860622462787551
262719.npz	False	77	141	0.5460992907801419
262723.npz	False	75	147	0.5102040816326531
262724.npz	False	513	701	0.7318116975748931
262768.npz	False	59	100	0.59
263358.npz	False	851	1140	0.7464912280701754
263820.npz	False	369	502	0.7350597609561753
264198.npz	False	1362	1756	0.775626423690205
264199.npz	False	346	480	0.7208333333333333
264201.npz	False	234	328	0.7134146341463414
264202.npz	False	152	232	0.6551724137931034
264462.npz	False	415	631	0.6576862123613312
264730.npz	False	817	1274	0.641287284144427
264731.npz	False	424	535	0.7925233644859813
264732.npz	False	486	700	0.6942857142857143
265072.npz	False	553	762	0.7257217847769029
265311.npz	False	111	161	0.6894409937888198
266117.npz	False	672	857	0.7841306884480747
266264.npz	False	793	1040	0.7625
266265.npz	False	643	1181	0.5444538526672311
266779.npz	False	790	1148	0.6881533101045296
266834.npz	False	618	956	0.6464435146443515
266835.npz	False	1237	1587	0.7794580970384373
266940.npz	False	633	869	0.7284234752589183
267377.npz	False	365	500	0.73
267608.npz	False	685	907	0.7552370452039692
267671.npz	False	106	340	0.31176470588235294
267747.npz	False	492	696	0.7068965517241379
267748.npz	False	95	148	0.6418918918918919
269084.npz	False	501	719	0.6968011126564673
269482.npz	False	1178	1614	0.7298636926889716
269484.npz	False	206	284	0.7253521126760564
269796.npz	False	794	1092	0.7271062271062271
269797.npz	False	519	743	0.6985195154777928
269798.npz	False	540	669	0.8071748878923767
269799.npz	False	574	858	0.668997668997669
269800.npz	False	586	757	0.774108322324967
272557.npz	False	260	395	0.6582278481012658
272558.npz	False	729	1028	0.7091439688715954
272559.npz	False	75	342	0.21929824561403508
272560.npz	False	1178	1583	0.7441566645609602
272561.npz	False	143	224	0.6383928571428571
272562.npz	False	565	803	0.7036114570361146
272563.npz	False	82	475	0.1726315789473684
272568.npz	False	240	490	0.4897959183673469
272569.npz	False	461	720	0.6402777777777777
272620.npz	False	493	773	0.6377749029754204
272621.npz	False	289	429	0.6736596736596736
272623.npz	False	398	542	0.7343173431734318
272624.npz	False	10	43	0.23255813953488372
272626.npz	False	373	659	0.5660091047040972
272630.npz	False	907	1165	0.7785407725321889
272631.npz	False	370	479	0.7724425887265136
272632.npz	False	128	214	0.5981308411214953
272633.npz	False	125	205	0.6097560975609756
272635.npz	False	88	173	0.5086705202312138
272843.npz	False	479	706	0.6784702549575071
272844.npz	False	292	415	0.7036144578313253
272942.npz	False	685	1026	0.6676413255360624
272943.npz	False	800	1216	0.6578947368421053
272947.npz	False	124	242	0.512396694214876
272951.npz	False	24	104	0.23076923076923078
273057.npz	False	71	297	0.23905723905723905
273063.npz	False	79	257	0.30739299610894943
273068.npz	False	434	630	0.6888888888888889
273075.npz	False	265	364	0.728021978021978
273116.npz	False	315	387	0.813953488372093
273119.npz	False	59	113	0.5221238938053098
273121.npz	False	401	593	0.6762225969645869
278197.npz	False	291	428	0.6799065420560748
279010.npz	False	364	778	0.46786632390745503
279238.npz	False	669	814	0.8218673218673219
279714.npz	False	88	538	0.16356877323420074
279808.npz	False	449	652	0.6886503067484663
281090.npz	False	365	487	0.7494866529774127
281689.npz	False	74	295	0.25084745762711863
283165.npz	False	268	380	0.7052631578947368
283166.npz	False	89	208	0.42788461538461536
283643.npz	False	611	1134	0.5388007054673721
28377.npz	False	2620	3316	0.7901085645355851
283942.npz	False	529	659	0.802731411229135
284590.npz	False	863	1437	0.6005567153792624
284593.npz	False	888	1423	0.624033731553057
284813.npz	False	84	265	0.3169811320754717
2850.npz	False	539	980	0.55
287752.npz	False	121	696	0.17385057471264367
288000.npz	False	1404	2006	0.6999002991026919
288705.npz	False	619	812	0.7623152709359606
289376.npz	False	406	593	0.684654300168634
289397.npz	False	80	149	0.5369127516778524
290315.npz	False	480	615	0.7804878048780488
290317.npz	False	506	617	0.820097244732577
290318.npz	False	451	549	0.8214936247723132
290338.npz	False	981	1473	0.6659877800407332
290339.npz	False	821	1131	0.7259062776304156
290340.npz	False	753	1005	0.7492537313432835
290397.npz	False	661	907	0.7287761852260198
290398.npz	False	713	976	0.7305327868852459
290399.npz	False	837	1041	0.8040345821325648
290400.npz	False	852	1135	0.7506607929515419
290402.npz	False	182	893	0.2038073908174692
290434.npz	False	62	186	0.3333333333333333
290512.npz	False	510	631	0.8082408874801902
290633.npz	False	493	665	0.7413533834586467
291272.npz	False	237	298	0.7953020134228188
292414.npz	False	637	823	0.7739975698663426
292415.npz	False	551	775	0.7109677419354838
292459.npz	False	574	833	0.6890756302521008
292805.npz	False	170	237	0.7172995780590717
293613.npz	False	210	270	0.7777777777777778
293614.npz	False	146	263	0.5551330798479087
293826.npz	False	618	899	0.6874304783092324
294746.npz	False	750	1313	0.5712109672505712
294747.npz	False	868	1305	0.6651340996168582
296591.npz	False	915	1320	0.6931818181818182
297246.npz	False	477	616	0.7743506493506493
29760.npz	False	2017	3418	0.5901111761263897
298386.npz	False	908	1302	0.6973886328725039
298653.npz	False	964	1199	0.8040033361134279
298654.npz	False	1084	1343	0.8071481757259866
300852.npz	False	500	639	0.7824726134585289
304371.npz	False	403	553	0.72875226039783
3055.npz	False	885	1449	0.6107660455486542
30608.npz	False	12	64	0.1875
30611.npz	False	27	162	0.16666666666666666
306254.npz	False	144	303	0.4752475247524752
306263.npz	False	311	454	0.6850220264317181
306537.npz	False	417	563	0.7406749555950266
306901.npz	False	11	55	0.2
306902.npz	False	708	1254	0.5645933014354066
309798.npz	False	261	381	0.6850393700787402
309799.npz	False	383	514	0.745136186770428
309800.npz	False	433	640	0.6765625
309801.npz	False	377	503	0.7495029821073559
309803.npz	False	397	573	0.6928446771378709
309807.npz	False	453	616	0.7353896103896104
31033.npz	False	3251	4111	0.7908051568961323
311402.npz	False	867	1274	0.6805337519623234
311403.npz	False	1130	1682	0.6718192627824019
311424.npz	False	251	337	0.744807121661721
312153.npz	False	509	633	0.8041074249605056
312284.npz	False	187	354	0.5282485875706214
312309.npz	False	787	1074	0.7327746741154563
313590.npz	False	154	306	0.5032679738562091
313594.npz	False	75	291	0.25773195876288657
313595.npz	False	511	603	0.8474295190713101
313596.npz	False	516	605	0.8528925619834711
313598.npz	False	454	551	0.8239564428312159
313603.npz	False	566	658	0.8601823708206687
313606.npz	False	244	461	0.5292841648590022
313612.npz	False	191	432	0.44212962962962965
313624.npz	False	52	349	0.1489971346704871
313625.npz	False	176	350	0.5028571428571429
313628.npz	False	127	310	0.4096774193548387
314225.npz	False	521	669	0.7787742899850523
314230.npz	False	82	309	0.26537216828478966
314231.npz	False	126	464	0.27155172413793105
314232.npz	False	220	503	0.43737574552683894
314254.npz	False	252	415	0.6072289156626506
314256.npz	False	203	488	0.41598360655737704
314260.npz	False	449	624	0.719551282051282
314262.npz	False	162	590	0.2745762711864407
314265.npz	False	108	744	0.14516129032258066
314271.npz	False	251	562	0.44661921708185054
314275.npz	False	603	827	0.7291414752116082
314276.npz	False	73	298	0.24496644295302014
314277.npz	False	321	621	0.5169082125603864
314278.npz	False	65	381	0.17060367454068243
314282.npz	False	539	727	0.7414030261348006
314292.npz	False	303	544	0.5569852941176471
314315.npz	False	142	309	0.459546925566343
314345.npz	False	244	371	0.6576819407008087
314565.npz	False	837	1048	0.7986641221374046
314607.npz	False	137	310	0.44193548387096776
314608.npz	False	135	438	0.3082191780821918
314723.npz	False	67	199	0.33668341708542715
314724.npz	False	70	205	0.34146341463414637
315456.npz	False	193	279	0.6917562724014337
315730.npz	False	346	539	0.6419294990723562
315749.npz	False	703	917	0.7666303162486369
315750.npz	False	664	969	0.6852425180598555
316055.npz	False	972	1366	0.7115666178623719
316056.npz	False	900	1308	0.6880733944954128
316057.npz	False	823	1221	0.674037674037674
316058.npz	False	912	1326	0.6877828054298643
316067.npz	False	621	917	0.6772082878953108
316273.npz	False	816	1081	0.7548566142460684
316274.npz	False	653	885	0.7378531073446327
316275.npz	False	658	880	0.7477272727272727
316278.npz	False	419	647	0.6476043276661515
316279.npz	False	429	638	0.6724137931034483
316385.npz	False	1732	1912	0.9058577405857741
316407.npz	False	2756	2805	0.9825311942959002
317025.npz	False	432	628	0.6878980891719745
317655.npz	False	553	729	0.7585733882030178
318161.npz	False	639	875	0.7302857142857143
318167.npz	False	750	948	0.7911392405063291
318586.npz	False	907	1296	0.6998456790123457
318829.npz	False	807	1304	0.6188650306748467
319224.npz	False	729	989	0.737108190091001
319225.npz	False	417	573	0.7277486910994765
31964.npz	False	109	330	0.3303030303030303
319795.npz	False	444	589	0.7538200339558574
320483.npz	False	195	298	0.6543624161073825
32049.npz	False	128	370	0.34594594594594597
32051.npz	False	437	660	0.6621212121212121
320771.npz	False	73	296	0.24662162162162163
321327.npz	False	453	664	0.6822289156626506
321332.npz	False	466	686	0.6793002915451894
3218.npz	False	1880	3190	0.5893416927899686
321955.npz	False	131	442	0.29638009049773756
322098.npz	False	54	81	0.6666666666666666
322104.npz	False	883	1323	0.6674225245653818
322710.npz	False	1004	1280	0.784375
323097.npz	False	598	797	0.7503136762860728
323098.npz	False	576	760	0.7578947368421053
323259.npz	False	407	575	0.7078260869565217
323261.npz	False	638	741	0.8609986504723347
323848.npz	False	489	678	0.7212389380530974
323850.npz	False	738	931	0.7926960257787325
324057.npz	False	842	1359	0.6195732155997057
324602.npz	False	664	946	0.7019027484143763
324831.npz	False	260	386	0.6735751295336787
324925.npz	False	482	624	0.7724358974358975
325240.npz	False	749	988	0.7580971659919028
326297.npz	False	697	881	0.7911464245175936
326298.npz	False	410	576	0.7118055555555556
326423.npz	False	677	972	0.6965020576131687
326424.npz	False	1115	1278	0.8724569640062598
326426.npz	False	347	469	0.7398720682302772
326427.npz	False	651	898	0.7249443207126949
326442.npz	False	678	846	0.8014184397163121
329726.npz	False	643	896	0.7176339285714286
330214.npz	False	527	728	0.7239010989010989
330779.npz	False	390	499	0.781563126252505
331104.npz	False	221	261	0.8467432950191571
331113.npz	False	259	354	0.731638418079096
331635.npz	False	150	242	0.6198347107438017
331636.npz	False	173	339	0.5103244837758112
331678.npz	False	531	618	0.8592233009708737
33169.npz	False	859	1346	0.638187221396731
33178.npz	False	12	45	0.26666666666666666
331869.npz	False	302	656	0.4603658536585366
333146.npz	False	319	435	0.7333333333333333
333668.npz	False	116	334	0.3473053892215569
333990.npz	False	178	295	0.6033898305084746
334413.npz	False	262	426	0.6150234741784038
335283.npz	False	492	627	0.784688995215311
335284.npz	False	588	720	0.8166666666666667
335541.npz	False	375	526	0.7129277566539924
335543.npz	False	641	908	0.7059471365638766
335992.npz	False	384	507	0.757396449704142
336963.npz	False	706	1153	0.6123156981786644
338187.npz	False	377	642	0.5872274143302181
338963.npz	False	551	784	0.7028061224489796
338966.npz	False	595	852	0.6983568075117371
338969.npz	False	879	1211	0.7258464079273328
339670.npz	False	1360	1746	0.7789232531500573
339671.npz	False	518	709	0.7306064880112835
339724.npz	False	686	1200	0.5716666666666667
339860.npz	False	292	383	0.762402088772846
340099.npz	False	426	595	0.7159663865546219
340100.npz	False	992	1345	0.737546468401487
340177.npz	False	434	553	0.7848101265822784
342108.npz	False	689	979	0.7037793667007151
342451.npz	False	507	683	0.7423133235724744
342610.npz	False	764	960	0.7958333333333333
342949.npz	False	303	413	0.7336561743341404
343509.npz	False	510	717	0.7112970711297071
344747.npz	False	36	309	0.11650485436893204
345073.npz	False	938	1606	0.5840597758405978
345219.npz	False	680	891	0.7631874298540965
347256.npz	False	53	98	0.5408163265306123
347834.npz	False	777	1145	0.6786026200873363
348780.npz	False	55	272	0.20220588235294118
349102.npz	False	684	980	0.6979591836734694
349106.npz	False	168	381	0.4409448818897638
349124.npz	False	586	728	0.804945054945055
349161.npz	False	497	735	0.6761904761904762
349163.npz	False	743	1032	0.7199612403100775
349307.npz	False	355	441	0.8049886621315193
349519.npz	False	361	506	0.7134387351778656
349520.npz	False	761	1217	0.6253081347576006
349521.npz	False	883	1284	0.6876947040498442
349741.npz	False	373	499	0.7474949899799599
350054.npz	False	972	1217	0.7986852917009039
350058.npz	False	1046	1353	0.7730968218773097
350688.npz	False	375	629	0.5961844197138315
351160.npz	False	383	540	0.7092592592592593
35128.npz	False	580	1053	0.5508072174738842
351348.npz	False	713	982	0.7260692464358453
351605.npz	False	671	969	0.6924664602683178
351607.npz	False	503	659	0.7632776934749621
351627.npz	False	385	615	0.6260162601626016
351746.npz	False	1098	1454	0.7551581843191196
352165.npz	False	107	302	0.3543046357615894
352914.npz	False	172	404	0.42574257425742573
353151.npz	False	99	279	0.3548387096774194
353152.npz	False	94	287	0.32752613240418116
353153.npz	False	530	1267	0.4183109707971586
353154.npz	False	111	365	0.3041095890410959
354242.npz	False	48	295	0.16271186440677965
355276.npz	False	392	587	0.6678023850085179
357244.npz	False	75	183	0.4098360655737705
357804.npz	False	745	978	0.7617586912065439
357808.npz	False	687	933	0.7363344051446945
357809.npz	False	557	890	0.6258426966292134
358681.npz	False	757	1128	0.6710992907801419
360095.npz	False	263	393	0.6692111959287532
360104.npz	False	415	544	0.7628676470588235
360105.npz	False	439	553	0.7938517179023508
360107.npz	False	329	433	0.7598152424942263
360910.npz	False	723	982	0.7362525458248472
360911.npz	False	498	714	0.6974789915966386
362663.npz	False	1197	1508	0.7937665782493368
362948.npz	False	329	445	0.7393258426966293
362976.npz	False	73	428	0.1705607476635514
363253.npz	False	233	380	0.6131578947368421
365044.npz	False	820	1127	0.7275953859804791
365046.npz	False	757	1039	0.7285851780558229
365659.npz	False	338	493	0.6855983772819473
36630.npz	False	1034	1577	0.6556753329105898
366394.npz	False	743	1039	0.7151106833493744
366602.npz	False	861	1140	0.7552631578947369
367336.npz	False	169	383	0.4412532637075718
367737.npz	False	445	612	0.7271241830065359
367775.npz	False	615	1130	0.5442477876106194
367928.npz	False	107	249	0.42971887550200805
368407.npz	False	389	542	0.7177121771217713
368408.npz	False	220	363	0.6060606060606061
36870.npz	False	217	262	0.8282442748091603
3694.npz	False	2870	4914	0.584045584045584
369723.npz	False	601	910	0.6604395604395604
3702.npz	False	10998	11256	0.9770788912579957
370354.npz	False	226	616	0.36688311688311687
370438.npz	False	426	592	0.7195945945945946
371731.npz	False	126	415	0.3036144578313253
372461.npz	False	74	106	0.6981132075471698
373153.npz	False	382	561	0.6809269162210339
373903.npz	False	408	601	0.6788685524126455
374463.npz	False	211	287	0.735191637630662
374847.npz	False	255	370	0.6891891891891891
375286.npz	False	642	872	0.7362385321100917
375451.npz	False	854	1230	0.6943089430894309
376619.npz	False	181	297	0.6094276094276094
376686.npz	False	656	781	0.8399487836107554
37692.npz	False	41	87	0.47126436781609193
377431.npz	False	30	276	0.10869565217391304
377629.npz	False	688	880	0.7818181818181819
378753.npz	False	509	660	0.7712121212121212
378806.npz	False	910	1230	0.7398373983739838
379066.npz	False	502	755	0.6649006622516557
379508.npz	False	669	1225	0.5461224489795918
379731.npz	False	299	614	0.48697068403908794
380394.npz	False	554	721	0.768377253814147
380703.npz	False	893	1220	0.7319672131147541
380749.npz	False	375	506	0.741106719367589
381046.npz	False	832	1264	0.6582278481012658
381666.npz	False	1534	1878	0.8168264110756124
381764.npz	False	306	436	0.7018348623853211
382245.npz	False	804	1184	0.6790540540540541
382464.npz	False	125	307	0.40716612377850164
382638.npz	False	287	414	0.6932367149758454
382640.npz	False	37	206	0.1796116504854369
383372.npz	False	684	926	0.7386609071274298
383407.npz	False	702	896	0.7834821428571429
384616.npz	False	308	419	0.7350835322195705
384676.npz	False	1215	1461	0.8316221765913757
3847.npz	False	3500	5785	0.6050129645635264
384765.npz	False	352	645	0.5457364341085271
386043.npz	False	524	803	0.6525529265255293
386415.npz	False	397	540	0.7351851851851852
387092.npz	False	385	528	0.7291666666666666
387093.npz	False	470	596	0.7885906040268457
387344.npz	False	324	478	0.6778242677824268
387662.npz	False	20	54	0.37037037037037035
388399.npz	False	123	672	0.18303571428571427
388401.npz	False	216	505	0.4277227722772277
388413.npz	False	116	350	0.3314285714285714
388919.npz	False	434	618	0.7022653721682848
390235.npz	False	1045	1423	0.7343640196767393
390236.npz	False	15	83	0.18072289156626506
390333.npz	False	248	350	0.7085714285714285
390874.npz	False	356	511	0.6966731898238747
391008.npz	False	655	719	0.9109874826147427
391009.npz	False	304	447	0.680089485458613
391037.npz	False	832	1122	0.7415329768270945
391038.npz	False	1108	1505	0.7362126245847176
391165.npz	False	591	731	0.8084815321477428
391295.npz	False	403	561	0.7183600713012478
391574.npz	False	337	551	0.6116152450090744
391587.npz	False	65	305	0.21311475409836064
391589.npz	False	413	751	0.5499334221038615
391591.npz	False	468	794	0.5894206549118388
391592.npz	False	149	309	0.48220064724919093
391595.npz	False	807	1205	0.6697095435684647
391598.npz	False	60	257	0.23346303501945526
391600.npz	False	24	282	0.0851063829787234
391603.npz	False	49	270	0.1814814814814815
391612.npz	False	161	407	0.3955773955773956
391613.npz	False	182	488	0.3729508196721312
391616.npz	False	96	521	0.18426103646833014
391619.npz	False	83	534	0.15543071161048688
391623.npz	False	303	407	0.7444717444717445
391624.npz	False	341	676	0.5044378698224852
391625.npz	False	76	328	0.23170731707317074
391626.npz	False	725	1091	0.6645279560036663
391735.npz	False	978	1462	0.6689466484268126
391896.npz	False	137	257	0.5330739299610895
392499.npz	False	944	1161	0.8130921619293713
392500.npz	False	840	1051	0.7992388201712655
393305.npz	False	422	718	0.5877437325905293
393595.npz	False	622	779	0.7984595635430038
394.npz	False	786	1096	0.7171532846715328
39416.npz	False	642	1135	0.5656387665198238
394221.npz	False	537	711	0.7552742616033755
394503.npz	False	462	693	0.6666666666666666
395019.npz	False	1203	1631	0.7375843041079092
395492.npz	False	777	1121	0.6931311329170383
395494.npz	False	515	694	0.7420749279538905
395495.npz	False	887	1221	0.7264537264537264
395961.npz	False	662	939	0.7050053248136315
395963.npz	False	701	921	0.761129207383279
395965.npz	False	724	953	0.7597061909758657
396513.npz	False	132	439	0.30068337129840544
396588.npz	False	566	767	0.7379400260756193
396595.npz	False	561	699	0.8025751072961373
397945.npz	False	827	1154	0.7166377816291161
397948.npz	False	358	432	0.8287037037037037
398511.npz	False	666	930	0.7161290322580646
398513.npz	False	143	232	0.6163793103448276
398527.npz	False	1420	1886	0.7529162248144221
398578.npz	False	990	1443	0.6860706860706861
398579.npz	False	794	1052	0.7547528517110266
398580.npz	False	782	1014	0.7712031558185405
398720.npz	False	91	355	0.2563380281690141
398767.npz	False	550	802	0.685785536159601
39946.npz	False	10	105	0.09523809523809523
39947.npz	False	1136	1787	0.6357022943480694
399549.npz	False	384	498	0.7710843373493976
399550.npz	False	171	271	0.6309963099630996
399739.npz	False	932	1292	0.7213622291021672
399741.npz	False	1181	1557	0.7585099550417469
399742.npz	False	975	1289	0.756400310318076
399795.npz	False	302	589	0.5127334465195246
40041.npz	False	354	520	0.6807692307692308
400668.npz	False	916	1306	0.7013782542113323
400682.npz	False	854	1487	0.574310692669805
401053.npz	False	637	778	0.8187660668380463
401473.npz	False	409	545	0.7504587155963303
401526.npz	False	54	278	0.19424460431654678
402612.npz	False	120	321	0.37383177570093457
402626.npz	False	916	1238	0.7399030694668821
402880.npz	False	386	494	0.7813765182186235
402881.npz	False	728	946	0.7695560253699789
403833.npz	False	362	540	0.6703703703703704
404380.npz	False	649	950	0.6831578947368421
404589.npz	False	742	955	0.7769633507853403
405566.npz	False	262	388	0.6752577319587629
40559.npz	False	807	1315	0.6136882129277567
405948.npz	False	1251	1613	0.7755734655920645
406327.npz	False	389	490	0.7938775510204081
406817.npz	False	714	948	0.7531645569620253
406818.npz	False	710	919	0.7725788900979326
4081.npz	False	2133	3601	0.5923354623715634
408672.npz	False	311	668	0.4655688622754491
410358.npz	False	313	428	0.7313084112149533
410359.npz	False	340	479	0.7098121085594989
411154.npz	False	540	649	0.8320493066255779
4113.npz	False	1896	3239	0.5853658536585366
411462.npz	False	43	298	0.14429530201342283
411463.npz	False	22	213	0.10328638497652583
411464.npz	False	33	251	0.13147410358565736
411465.npz	False	21	150	0.14
411468.npz	False	40	318	0.12578616352201258
411469.npz	False	30	281	0.10676156583629894
411471.npz	False	184	403	0.456575682382134
411474.npz	False	20	233	0.08583690987124463
411483.npz	False	91	349	0.2607449856733524
411490.npz	False	52	412	0.1262135922330097
411684.npz	False	221	626	0.35303514376996803
411903.npz	False	74	215	0.34418604651162793
412030.npz	False	922	2082	0.44284341978866476
412133.npz	False	312	813	0.3837638376383764
412419.npz	False	67	199	0.33668341708542715
412597.npz	False	320	574	0.5574912891986062
412965.npz	False	371	409	0.9070904645476773
413404.npz	False	356	416	0.8557692307692307
41431.npz	False	563	866	0.6501154734411085
414684.npz	False	714	984	0.725609756097561
415426.npz	False	199	284	0.7007042253521126
416269.npz	False	526	705	0.7460992907801418
416348.npz	False	411	598	0.6872909698996655
416591.npz	False	346	532	0.650375939849624
416870.npz	False	431	584	0.738013698630137
419610.npz	False	846	1155	0.7324675324675325
419665.npz	False	386	470	0.8212765957446808
419947.npz	False	937	1743	0.5375788869764774
420245.npz	False	350	735	0.47619047619047616
420246.npz	False	699	975	0.7169230769230769
420247.npz	False	337	451	0.7472283813747228
420336.npz	False	51	281	0.18149466192170818
420662.npz	False	745	978	0.7617586912065439
420890.npz	False	318	455	0.6989010989010989
425104.npz	False	810	1094	0.7404021937842779
425265.npz	False	409	907	0.45093715545755236
426114.npz	False	683	906	0.7538631346578366
426117.npz	False	1122	1555	0.7215434083601286
426355.npz	False	949	1342	0.7071535022354695
426368.npz	False	352	481	0.7318087318087318
428125.npz	False	17	208	0.08173076923076923
428126.npz	False	24	216	0.1111111111111111
429009.npz	False	355	507	0.7001972386587771
430066.npz	False	229	444	0.5157657657657657
43179.npz	False	20	166	0.12048192771084337
431895.npz	False	466	839	0.5554231227651967
431943.npz	False	522	729	0.7160493827160493
431947.npz	False	308	405	0.7604938271604939
434131.npz	False	185	242	0.7644628099173554
435258.npz	False	355	725	0.4896551724137931
435590.npz	False	575	719	0.799721835883171
435591.npz	False	572	701	0.8159771754636234
435832.npz	False	237	389	0.609254498714653
435837.npz	False	213	395	0.5392405063291139
435838.npz	False	257	441	0.5827664399092971
435842.npz	False	70	243	0.2880658436213992
436017.npz	False	608	1000	0.608
436114.npz	False	369	494	0.7469635627530364
436308.npz	False	303	395	0.7670886075949367
436717.npz	False	806	963	0.8369678089304258
436907.npz	False	788	1294	0.6089644513137558
438753.npz	False	963	1373	0.7013838310269482
439235.npz	False	719	1062	0.6770244821092278
439292.npz	False	612	879	0.6962457337883959
439375.npz	False	852	1258	0.6772655007949125
439481.npz	False	221	308	0.7175324675324676
439493.npz	False	182	338	0.5384615384615384
43989.npz	False	622	888	0.7004504504504504
440497.npz	False	49	171	0.28654970760233917
441620.npz	False	843	1181	0.7138018628281118
441768.npz	False	195	307	0.6351791530944625
441769.npz	False	35	208	0.16826923076923078
443143.npz	False	660	990	0.6666666666666666
443144.npz	False	646	943	0.6850477200424178
443152.npz	False	213	548	0.3886861313868613
443218.npz	False	897	1149	0.7806788511749347
443254.npz	False	331	504	0.6567460317460317
443255.npz	False	380	651	0.5837173579109063
443906.npz	False	501	692	0.7239884393063584
444157.npz	False	298	414	0.7198067632850241
444158.npz	False	347	466	0.7446351931330472
444177.npz	False	579	975	0.5938461538461538
444612.npz	False	25	103	0.24271844660194175
445932.npz	False	259	331	0.7824773413897281
445970.npz	False	31	172	0.18023255813953487
445971.npz	False	17	182	0.09340659340659341
445972.npz	False	26	240	0.10833333333333334
445973.npz	False	27	274	0.09854014598540146
445974.npz	False	109	322	0.3385093167701863
445975.npz	False	38	243	0.15637860082304528
446462.npz	False	377	615	0.6130081300813008
446465.npz	False	553	787	0.7026683608640406
446466.npz	False	601	792	0.7588383838383839
446468.npz	False	740	985	0.751269035532995
446469.npz	False	582	837	0.6953405017921147
446470.npz	False	778	1086	0.716390423572744
446471.npz	False	566	781	0.7247119078104993
44689.npz	False	1644	2065	0.7961259079903148
448385.npz	False	977	1245	0.7847389558232932
449447.npz	False	212	418	0.507177033492823
449673.npz	False	87	343	0.2536443148688047
450851.npz	False	755	977	0.7727737973387923
4513.npz	False	21	50	0.42
45157.npz	False	554	895	0.6189944134078212
451757.npz	False	204	396	0.5151515151515151
452471.npz	False	101	138	0.7318840579710145
452637.npz	False	622	849	0.7326266195524146
452638.npz	False	375	447	0.8389261744966443
452652.npz	False	1021	1345	0.7591078066914498
452662.npz	False	755	957	0.7889237199582028
452863.npz	False	747	950	0.7863157894736842
4533.npz	False	1784	2946	0.6055668703326544
45351.npz	False	1026	1621	0.6329426280074029
453591.npz	False	235	300	0.7833333333333333
4538.npz	False	11	35	0.3142857142857143
4555.npz	False	2065	3403	0.6068175139582721
455632.npz	False	1056	1432	0.7374301675977654
4558.npz	False	2013	3503	0.5746502997430774
456320.npz	False	327	452	0.7234513274336283
456442.npz	False	385	512	0.751953125
456481.npz	False	569	687	0.8282387190684134
457396.npz	False	25	182	0.13736263736263737
457398.npz	False	40	328	0.12195121951219512
457405.npz	False	50	233	0.2145922746781116
457421.npz	False	150	385	0.38961038961038963
457424.npz	False	153	378	0.40476190476190477
457425.npz	False	952	1298	0.7334360554699538
457427.npz	False	242	670	0.3611940298507463
457429.npz	False	445	743	0.5989232839838493
457570.npz	False	406	594	0.6835016835016835
4577.npz	False	1526	2849	0.5356265356265356
458233.npz	False	371	514	0.7217898832684825
458817.npz	False	821	1086	0.7559852670349908
460265.npz	False	1089	1446	0.7531120331950207
463191.npz	False	471	797	0.5909661229611042
465515.npz	False	444	559	0.7942754919499105
465817.npz	False	747	1038	0.7196531791907514
467200.npz	False	228	573	0.39790575916230364
467705.npz	False	413	550	0.7509090909090909
469008.npz	False	1789	3273	0.5465933394439352
469371.npz	False	683	899	0.7597330367074527
469378.npz	False	265	358	0.7402234636871509
469381.npz	False	34	316	0.10759493670886076
469382.npz	False	353	567	0.6225749559082893
469383.npz	False	838	1250	0.6704
469595.npz	False	385	637	0.6043956043956044
469596.npz	False	98	246	0.3983739837398374
469606.npz	False	45	228	0.19736842105263158
469610.npz	False	64	315	0.20317460317460317
469613.npz	False	409	662	0.6178247734138973
469615.npz	False	42	238	0.17647058823529413
469616.npz	False	142	305	0.46557377049180326
469617.npz	False	58	280	0.20714285714285716
469618.npz	False	161	366	0.43989071038251365
470145.npz	False	106	318	0.3333333333333333
470146.npz	False	19	210	0.09047619047619047
471223.npz	False	566	780	0.7256410256410256
471821.npz	False	241	293	0.8225255972696246
471852.npz	False	763	1029	0.7414965986394558
471853.npz	False	640	830	0.7710843373493976
471854.npz	False	710	861	0.8246225319396051
471855.npz	False	393	553	0.7106690777576854
471856.npz	False	463	635	0.7291338582677165
471857.npz	False	773	961	0.8043704474505723
471870.npz	False	109	364	0.29945054945054944
472759.npz	False	659	822	0.8017031630170316
476272.npz	False	39	286	0.13636363636363635
477974.npz	False	394	555	0.7099099099099099
4787.npz	False	917	1507	0.608493696084937
478749.npz	False	181	517	0.35009671179883944
478801.npz	False	457	605	0.7553719008264462
479431.npz	False	846	1049	0.8064823641563393
479432.npz	False	1149	1530	0.7509803921568627
479433.npz	False	1132	1474	0.76797829036635
479434.npz	False	563	762	0.7388451443569554
479435.npz	False	917	1251	0.7330135891286971
479436.npz	False	400	524	0.7633587786259542
479437.npz	False	344	544	0.6323529411764706
481448.npz	False	466	549	0.848816029143898
481743.npz	False	811	1343	0.6038719285182428
481805.npz	False	1198	1573	0.7616020343293071
483215.npz	False	216	429	0.5034965034965035
483219.npz	False	804	1094	0.7349177330895795
484018.npz	False	84	349	0.24068767908309455
484019.npz	False	315	465	0.6774193548387096
484022.npz	False	155	317	0.4889589905362776
485913.npz	False	362	642	0.5638629283489096
485914.npz	False	383	602	0.6362126245847176
485915.npz	False	424	621	0.6827697262479872
485916.npz	False	527	764	0.6897905759162304
485917.npz	False	579	710	0.8154929577464789
485918.npz	False	778	939	0.8285410010649628
486041.npz	False	705	1384	0.509393063583815
487796.npz	False	96	241	0.3983402489626556
487797.npz	False	96	201	0.47761194029850745
488538.npz	False	909	1048	0.8673664122137404
4896.npz	False	4086	4125	0.9905454545454545
489653.npz	False	420	515	0.8155339805825242
489825.npz	False	70	408	0.1715686274509804
490899.npz	False	180	273	0.6593406593406593
491915.npz	False	598	794	0.7531486146095718
491916.npz	False	777	1138	0.6827768014059754
491952.npz	False	767	1129	0.6793622674933569
4929.npz	False	7	48	0.14583333333333334
4932.npz	True	6011	6011	1.0
4950.npz	False	839	1246	0.673354735152488
4952.npz	False	659	1264	0.5213607594936709
4956.npz	False	842	1250	0.6736
496833.npz	False	76	168	0.4523809523809524
497964.npz	False	50	284	0.176056338028169
497965.npz	False	687	974	0.7053388090349076
498211.npz	False	613	823	0.7448359659781288
498217.npz	False	756	1027	0.7361246348588121
498742.npz	False	10	81	0.12345679012345678
498761.npz	False	443	648	0.683641975308642
498848.npz	False	61	300	0.20333333333333334
499177.npz	False	457	701	0.651925820256776
499229.npz	False	205	344	0.5959302325581395
500485.npz	False	1110	1597	0.6950532247964935
500633.npz	False	18	244	0.07377049180327869
500635.npz	False	217	452	0.48008849557522126
500637.npz	False	301	659	0.456752655538695
500639.npz	False	319	687	0.4643377001455604
500640.npz	False	485	914	0.5306345733041575
501479.npz	False	381	715	0.5328671328671328
502025.npz	False	739	948	0.7795358649789029
502347.npz	False	19	43	0.4418604651162791
502558.npz	False	352	537	0.6554934823091247
502779.npz	False	668	1124	0.594306049822064
504472.npz	False	705	876	0.8047945205479452
504474.npz	False	68	293	0.23208191126279865
504728.npz	False	248	372	0.6666666666666666
504832.npz	False	200	443	0.45146726862302483
5057.npz	False	943	1479	0.6375929682217715
5059.npz	False	1132	1668	0.6786570743405276
5061.npz	False	789	1279	0.6168881939014855
5062.npz	False	933	1400	0.6664285714285715
5085.npz	False	1012	1537	0.6584255042290176
509190.npz	False	747	976	0.7653688524590164
509191.npz	False	150	379	0.39577836411609496
511062.npz	False	719	1040	0.6913461538461538
511145.npz	False	3027	3068	0.9866362451108214
511437.npz	False	413	591	0.6988155668358714
511680.npz	False	103	326	0.3159509202453988
511995.npz	False	249	318	0.7830188679245284
512564.npz	False	89	157	0.5668789808917197
5141.npz	False	738	1364	0.5410557184750733
51453.npz	False	839	1336	0.6279940119760479
515618.npz	False	147	215	0.6837209302325581
515620.npz	False	335	453	0.739514348785872
515622.npz	False	425	633	0.6714060031595577
515635.npz	False	356	525	0.6780952380952381
515849.npz	False	889	1423	0.6247364722417428
517417.npz	False	540	623	0.8667736757624398
517418.npz	False	542	672	0.8065476190476191
517722.npz	False	272	398	0.6834170854271356
5180.npz	False	489	856	0.5712616822429907
518637.npz	False	34	201	0.1691542288557214
518766.npz	False	525	667	0.7871064467766117
519441.npz	False	203	346	0.5867052023121387
519442.npz	False	390	548	0.7116788321167883
521000.npz	False	371	785	0.4726114649681529
521003.npz	False	40	172	0.23255813953488372
521010.npz	False	55	189	0.291005291005291
521011.npz	False	397	543	0.7311233885819521
521045.npz	False	357	469	0.7611940298507462
521095.npz	False	241	354	0.6807909604519774
521096.npz	False	735	952	0.7720588235294118
521097.npz	False	360	429	0.8391608391608392
521098.npz	False	612	728	0.8406593406593407
521460.npz	False	421	609	0.6912972085385879
521674.npz	False	519	675	0.7688888888888888
522306.npz	False	661	946	0.6987315010570825
522373.npz	False	658	905	0.7270718232044199
522772.npz	False	487	747	0.6519410977242303
523791.npz	False	532	633	0.8404423380726699
523794.npz	False	395	523	0.7552581261950286
523846.npz	False	319	417	0.7649880095923262
523850.npz	False	252	406	0.6206896551724138
525146.npz	False	408	654	0.6238532110091743
525244.npz	False	183	393	0.46564885496183206
525245.npz	False	116	233	0.4978540772532189
525246.npz	False	210	367	0.5722070844686649
525254.npz	False	105	221	0.4751131221719457
525255.npz	False	119	244	0.48770491803278687
525256.npz	False	58	220	0.2636363636363636
525257.npz	False	295	530	0.5566037735849056
525260.npz	False	187	351	0.5327635327635327
525263.npz	False	178	337	0.5281899109792285
525264.npz	False	217	384	0.5651041666666666
525268.npz	False	240	395	0.6075949367088608
525282.npz	False	112	269	0.4163568773234201
525309.npz	False	130	323	0.4024767801857585
525318.npz	False	207	426	0.4859154929577465
525365.npz	False	78	273	0.2857142857142857
525366.npz	False	59	230	0.2565217391304348
525367.npz	False	206	503	0.4095427435387674
525373.npz	False	285	495	0.5757575757575758
525378.npz	False	246	460	0.5347826086956522
525379.npz	False	186	368	0.5054347826086957
525897.npz	False	544	852	0.6384976525821596
525898.npz	False	417	581	0.7177280550774526
525903.npz	False	372	538	0.6914498141263941
525904.npz	False	551	722	0.7631578947368421
525909.npz	False	428	535	0.8
525919.npz	False	291	444	0.6554054054054054
52598.npz	False	139	495	0.2808080808080808
526218.npz	False	766	959	0.7987486965589156
526221.npz	False	887	1421	0.6242083040112597
526222.npz	False	79	325	0.24307692307692308
526224.npz	False	355	565	0.6283185840707964
526225.npz	False	833	1042	0.7994241842610365
526226.npz	False	775	1009	0.7680872150644202
526227.npz	False	533	741	0.7192982456140351
5270.npz	False	11	61	0.18032786885245902
529507.npz	False	714	934	0.7644539614561028
5297.npz	False	683	1353	0.5048041389504804
529709.npz	False	231	356	0.648876404494382
530564.npz	False	519	714	0.726890756302521
531844.npz	False	412	491	0.8391038696537678
533240.npz	False	55	330	0.16666666666666666
533247.npz	False	141	370	0.3810810810810811
535289.npz	False	653	964	0.6773858921161826
536019.npz	False	1152	1720	0.6697674418604651
536227.npz	False	33	322	0.10248447204968944
536233.npz	False	196	446	0.43946188340807174
537007.npz	False	217	407	0.5331695331695332
537011.npz	False	195	349	0.5587392550143266
537013.npz	False	27	192	0.140625
537021.npz	False	239	326	0.7331288343558282
537970.npz	False	54	265	0.2037735849056604
537971.npz	False	73	274	0.2664233576642336
537972.npz	False	51	251	0.20318725099601595
543526.npz	False	443	651	0.6804915514592934
543728.npz	False	1179	1670	0.7059880239520958
543734.npz	False	530	758	0.6992084432717678
545693.npz	False	961	1300	0.7392307692307692
545694.npz	False	440	812	0.541871921182266
545695.npz	False	420	767	0.5475880052151239
546262.npz	False	149	358	0.41620111731843573
546263.npz	False	23	146	0.15753424657534246
546266.npz	False	267	423	0.6312056737588653
546267.npz	False	186	379	0.49076517150395776
546268.npz	False	219	414	0.5289855072463768
546269.npz	False	248	338	0.7337278106508875
546270.npz	False	148	269	0.550185873605948
546271.npz	False	475	650	0.7307692307692307
546274.npz	False	71	241	0.2946058091286307
546275.npz	False	158	359	0.4401114206128134
546414.npz	False	518	676	0.7662721893491125
547042.npz	False	95	304	0.3125
547043.npz	False	70	214	0.32710280373831774
547045.npz	False	251	446	0.5627802690582959
547558.npz	False	394	531	0.7419962335216572
547559.npz	False	431	656	0.6570121951219512
548476.npz	False	471	618	0.7621359223300971
548477.npz	False	206	402	0.5124378109452736
550540.npz	False	695	975	0.7128205128205128
551115.npz	False	515	696	0.7399425287356322
5518.npz	False	11	47	0.23404255319148937
552396.npz	False	164	362	0.4530386740331492
552398.npz	False	159	328	0.4847560975609756
552531.npz	False	316	417	0.7577937649880095
552811.npz	False	290	390	0.7435897435897436
553171.npz	False	128	238	0.5378151260504201
553174.npz	False	365	447	0.8165548098434005
553175.npz	False	107	242	0.44214876033057854
553177.npz	False	135	282	0.4787234042553192
553178.npz	False	137	256	0.53515625
553184.npz	False	86	218	0.3944954128440367
553190.npz	False	226	296	0.7635135135135135
553204.npz	False	259	413	0.6271186440677966
553207.npz	False	70	294	0.23809523809523808
553217.npz	False	259	401	0.6458852867830424
553218.npz	False	70	293	0.23890784982935154
553219.npz	False	170	332	0.5120481927710844
553220.npz	False	169	312	0.5416666666666666
553480.npz	False	681	945	0.7206349206349206
553973.npz	False	64	324	0.19753086419753085
555079.npz	False	381	566	0.6731448763250883
555088.npz	False	47	315	0.1492063492063492
555217.npz	False	373	515	0.7242718446601941
555778.npz	False	501	651	0.7695852534562212
555779.npz	False	30	252	0.11904761904761904
556261.npz	False	90	475	0.18947368421052632
556263.npz	False	30	207	0.14492753623188406
556267.npz	False	67	266	0.2518796992481203
556268.npz	False	156	297	0.5252525252525253
556269.npz	False	142	310	0.45806451612903226
557598.npz	False	582	808	0.7202970297029703
557599.npz	False	560	837	0.6690561529271206
557723.npz	False	200	420	0.47619047619047616
561007.npz	False	634	887	0.7147688838782412
561180.npz	False	164	296	0.5540540540540541
561229.npz	False	855	1222	0.6996726677577741
561230.npz	False	881	1302	0.6766513056835638
561231.npz	False	925	1320	0.7007575757575758
562970.npz	False	678	864	0.7847222222222222
562981.npz	False	58	169	0.3431952662721893
562982.npz	False	129	186	0.6935483870967742
562983.npz	False	60	145	0.41379310344827586
563008.npz	False	101	278	0.36330935251798563
563037.npz	False	39	230	0.16956521739130434
563038.npz	False	63	222	0.28378378378378377
563040.npz	False	462	594	0.7777777777777778
563192.npz	False	104	382	0.27225130890052357
565034.npz	False	353	561	0.6292335115864528
565575.npz	False	58	116	0.5
565655.npz	False	545	889	0.6130483689538808
5661.npz	False	335	655	0.5114503816793893
5664.npz	False	363	729	0.49794238683127573
566461.npz	False	482	668	0.7215568862275449
56780.npz	False	536	757	0.7080581241743725
568703.npz	False	617	969	0.6367389060887513
568816.npz	False	401	552	0.7264492753623188
568817.npz	False	213	286	0.7447552447552448
5691.npz	False	384	708	0.5423728813559322
570417.npz	False	73	173	0.42196531791907516
572263.npz	False	79	135	0.5851851851851851
572265.npz	False	315	450	0.7
572477.npz	False	565	825	0.6848484848484848
572478.npz	False	418	514	0.8132295719844358
572479.npz	False	353	570	0.6192982456140351
572480.npz	False	587	839	0.699642431466031
572544.npz	False	365	478	0.7635983263598326
572546.npz	False	284	402	0.7064676616915423
572547.npz	False	379	506	0.7490118577075099
573061.npz	False	653	963	0.6780893042575286
573063.npz	False	299	450	0.6644444444444444
573064.npz	False	311	429	0.7249417249417249
573065.npz	False	651	827	0.7871825876662636
573370.npz	False	504	831	0.6064981949458483
573413.npz	False	597	1099	0.543221110100091
573569.npz	False	470	552	0.8514492753623188
573729.npz	False	802	1339	0.5989544436146378
573826.npz	False	851	1272	0.6690251572327044
574087.npz	False	490	681	0.7195301027900147
574556.npz	False	185	291	0.6357388316151202
575540.npz	False	500	647	0.7727975270479135
575564.npz	False	292	448	0.6517857142857143
575584.npz	False	358	576	0.6215277777777778
575586.npz	False	300	465	0.6451612903225806
575587.npz	False	301	459	0.6557734204793029
575588.npz	False	279	456	0.6118421052631579
575589.npz	False	328	473	0.693446088794926
575590.npz	False	48	208	0.23076923076923078
575593.npz	False	85	191	0.44502617801047123
575594.npz	False	115	208	0.5528846153846154
575606.npz	False	58	217	0.2672811059907834
575609.npz	False	55	138	0.39855072463768115
575611.npz	False	203	342	0.5935672514619883
575614.npz	False	274	379	0.7229551451187335
575615.npz	False	36	228	0.15789473684210525
575788.npz	False	806	1116	0.7222222222222222
5759.npz	False	240	641	0.374414976599064
5762.npz	False	591	1102	0.5362976406533575
577650.npz	False	591	850	0.6952941176470588
578455.npz	False	819	1357	0.6035372144436256
578458.npz	False	756	1405	0.5380782918149466
5786.npz	False	651	1119	0.5817694369973191
579137.npz	False	349	462	0.7554112554112554
579138.npz	False	378	521	0.72552783109405
579405.npz	False	921	1289	0.7145073700543056
580327.npz	False	460	650	0.7076923076923077
580331.npz	False	476	636	0.7484276729559748
580332.npz	False	505	686	0.7361516034985423
580340.npz	False	414	567	0.7301587301587301
5811.npz	False	270	596	0.45302013422818793
5821.npz	False	154	428	0.3598130841121495
582402.npz	False	565	726	0.778236914600551
5825.npz	False	154	422	0.36492890995260663
582744.npz	False	555	724	0.7665745856353591
582899.npz	False	615	796	0.7726130653266332
5833.npz	False	1534	1688	0.9087677725118484
583345.npz	False	485	641	0.7566302652106084
583355.npz	False	473	594	0.7962962962962963
583356.npz	False	227	325	0.6984615384615385
584708.npz	False	37	277	0.13357400722021662
5850.npz	False	163	444	0.36711711711711714
585198.npz	False	116	303	0.38283828382838286
585202.npz	False	52	215	0.24186046511627907
585394.npz	False	427	672	0.6354166666666666
5855.npz	False	171	462	0.37012987012987014
585501.npz	False	164	324	0.5061728395061729
585502.npz	False	161	305	0.5278688524590164
585503.npz	False	168	388	0.4329896907216495
585506.npz	False	57	287	0.1986062717770035
585524.npz	False	84	248	0.3387096774193548
585528.npz	False	61	179	0.3407821229050279
585529.npz	False	207	365	0.5671232876712329
585530.npz	False	238	396	0.601010101010101
585531.npz	False	277	514	0.5389105058365758
585543.npz	False	13	188	0.06914893617021277
588581.npz	False	214	433	0.4942263279445728
589865.npz	False	441	665	0.6631578947368421
589924.npz	False	408	549	0.7431693989071039
590409.npz	False	839	1238	0.6777059773828756
590998.npz	False	628	877	0.7160775370581528
591001.npz	False	381	519	0.7341040462427746
591019.npz	False	176	269	0.654275092936803
5911.npz	False	580	1093	0.5306495882891126
591157.npz	False	166	571	0.29071803852889666
591158.npz	False	351	799	0.43929912390488113
591159.npz	False	642	951	0.6750788643533123
591167.npz	False	1053	1356	0.7765486725663717
59196.npz	False	28	140	0.2
592015.npz	False	163	462	0.3528138528138528
592027.npz	False	97	289	0.3356401384083045
592028.npz	False	116	275	0.4218181818181818
592031.npz	False	46	149	0.3087248322147651
592316.npz	False	883	1262	0.6996830427892234
593117.npz	False	287	419	0.684964200477327
59374.npz	False	52	284	0.18309859154929578
593907.npz	False	514	721	0.7128987517337032
59463.npz	False	20	140	0.14285714285714285
595494.npz	False	761	970	0.7845360824742268
595499.npz	False	16	45	0.35555555555555557
595537.npz	False	1078	1524	0.7073490813648294
596151.npz	False	41	347	0.11815561959654179
596154.npz	False	996	1316	0.756838905775076
596315.npz	False	49	200	0.245
596319.npz	False	257	422	0.6090047393364929
596320.npz	False	205	390	0.5256410256410257
596323.npz	False	153	356	0.4297752808988764
596324.npz	False	86	194	0.44329896907216493
596327.npz	False	110	250	0.44
596328.npz	False	168	294	0.5714285714285714
596329.npz	False	112	260	0.4307692307692308
596330.npz	False	55	193	0.2849740932642487
59689.npz	False	2243	3979	0.5637094747423976
59729.npz	False	5625	6105	0.9213759213759214
598659.npz	False	379	516	0.7344961240310077
59919.npz	False	371	538	0.6895910780669146
600809.npz	False	35	146	0.23972602739726026
604354.npz	False	271	386	0.7020725388601037
608506.npz	False	403	598	0.6739130434782609
608534.npz	False	38	257	0.14785992217898833
608538.npz	False	37	305	0.12131147540983607
610130.npz	False	631	1041	0.6061479346781941
613026.npz	False	81	264	0.3068181818181818
6183.npz	False	472	958	0.49269311064718163
61853.npz	False	32	415	0.07710843373493977
619693.npz	False	67	233	0.2875536480686695
621372.npz	False	125	409	0.3056234718826406
622312.npz	False	21	255	0.08235294117647059
6238.npz	False	1005	1547	0.649644473173885
6239.npz	False	7982	8091	0.9865282412557163
626369.npz	False	113	259	0.4362934362934363
626418.npz	False	465	708	0.6567796610169492
626522.npz	False	138	257	0.5369649805447471
626523.npz	False	24	207	0.11594202898550725
626939.npz	False	50	289	0.17301038062283736
627192.npz	False	675	870	0.7758620689655172
62928.npz	False	861	1202	0.71630615640599
629741.npz	False	36	250	0.144
62977.npz	False	813	916	0.8875545851528385
632292.npz	False	424	658	0.6443768996960486
632335.npz	False	402	560	0.7178571428571429
632518.npz	False	403	582	0.6924398625429553
632772.npz	False	1394	1773	0.7862380146644106
633131.npz	False	148	517	0.2862669245647969
633147.npz	False	347	474	0.7320675105485233
633148.npz	False	164	236	0.6949152542372882
633149.npz	False	539	744	0.7244623655913979
6334.npz	False	783	1453	0.5388850653819683
633697.npz	False	63	344	0.18313953488372092
634176.npz	False	502	683	0.7349926793557833
634177.npz	False	619	747	0.8286479250334672
634452.npz	False	591	723	0.8174273858921162
634497.npz	False	451	705	0.6397163120567376
634498.npz	False	27	234	0.11538461538461539
634499.npz	False	711	1039	0.6843118383060636
634500.npz	False	1115	1505	0.7408637873754153
634503.npz	False	703	984	0.7144308943089431
634504.npz	False	292	419	0.6968973747016707
634956.npz	False	775	1054	0.7352941176470589
634994.npz	False	197	401	0.4912718204488778
635013.npz	False	436	671	0.6497764530551415
63737.npz	False	898	1193	0.7527242246437552
637389.npz	False	93	377	0.246684350132626
637905.npz	False	716	903	0.7929125138427464
637910.npz	False	1003	1388	0.7226224783861671
637911.npz	False	61	325	0.18769230769230769
638300.npz	False	199	391	0.5089514066496164
638301.npz	False	103	232	0.44396551724137934
638302.npz	False	102	359	0.2841225626740947
638303.npz	False	397	532	0.7462406015037594
639282.npz	False	436	624	0.6987179487179487
639283.npz	False	861	1208	0.7127483443708609
640081.npz	False	624	891	0.7003367003367004
640132.npz	False	515	637	0.8084772370486656
640510.npz	False	1200	1610	0.7453416149068323
640511.npz	False	1337	1792	0.74609375
640512.npz	False	416	778	0.5347043701799485
640513.npz	False	1030	1405	0.7330960854092526
64091.npz	False	313	464	0.6745689655172413
641146.npz	False	71	212	0.33490566037735847
641147.npz	False	75	258	0.29069767441860467
641149.npz	False	57	335	0.1701492537313433
641491.npz	False	556	897	0.6198439241917503
641892.npz	False	16	52	0.3076923076923077
642492.npz	False	559	872	0.6410550458715596
643562.npz	False	503	781	0.6440460947503202
643648.npz	False	400	593	0.6745362563237775
643867.npz	False	526	634	0.8296529968454258
644076.npz	False	437	704	0.6207386363636364
644107.npz	False	123	546	0.22527472527472528
644223.npz	False	630	1160	0.5431034482758621
644281.npz	False	332	468	0.7094017094017094
644282.npz	False	527	764	0.6897905759162304
644283.npz	False	928	1204	0.770764119601329
644284.npz	False	282	417	0.6762589928057554
644295.npz	False	350	489	0.7157464212678937
644548.npz	False	132	530	0.2490566037735849
64471.npz	False	492	690	0.7130434782608696
644966.npz	False	480	689	0.6966618287373004
645127.npz	False	461	599	0.7696160267111853
645465.npz	False	498	869	0.57307249712313
645512.npz	False	76	289	0.2629757785467128
645991.npz	False	424	723	0.5864453665283541
647113.npz	False	341	439	0.7767653758542141
648757.npz	False	736	956	0.7698744769874477
648996.npz	False	403	510	0.7901960784313725
649349.npz	False	499	638	0.7821316614420063
649638.npz	False	543	766	0.7088772845953003
649639.npz	False	688	974	0.7063655030800822
649743.npz	False	77	268	0.2873134328358209
649754.npz	False	258	474	0.5443037974683544
649761.npz	False	133	249	0.5341365461847389
649764.npz	False	54	273	0.1978021978021978
650150.npz	False	225	369	0.6097560975609756
652103.npz	False	946	1339	0.7064973861090366
653045.npz	False	1259	1662	0.7575210589651022
653733.npz	False	509	681	0.7474302496328928
65393.npz	False	703	952	0.7384453781512605
655811.npz	False	132	243	0.5432098765432098
655812.npz	False	136	399	0.3408521303258145
655813.npz	False	113	328	0.3445121951219512
655815.npz	False	651	779	0.8356867779204108
656024.npz	False	293	518	0.5656370656370656
656519.npz	False	474	641	0.7394695787831513
657309.npz	False	527	682	0.7727272727272727
657313.npz	False	468	628	0.7452229299363057
657314.npz	False	483	696	0.6939655172413793
657318.npz	False	404	622	0.6495176848874598
657319.npz	False	300	434	0.6912442396313364
657321.npz	False	246	367	0.670299727520436
657322.npz	False	366	524	0.6984732824427481
657323.npz	False	478	699	0.6838340486409156
657324.npz	False	58	285	0.20350877192982456
658086.npz	False	25	222	0.11261261261261261
658088.npz	False	25	184	0.1358695652173913
658172.npz	False	253	342	0.7397660818713451
658187.npz	False	30	250	0.12
658655.npz	False	16	200	0.08
658659.npz	False	253	449	0.5634743875278396
660470.npz	False	400	569	0.70298769771529
661367.npz	False	551	682	0.8079178885630498
662755.npz	False	430	571	0.7530647985989493
663202.npz	False	717	1206	0.5945273631840796
663278.npz	False	432	580	0.7448275862068966
663331.npz	False	710	1206	0.5887230514096186
663952.npz	False	71	239	0.29707112970711297
665029.npz	False	726	1036	0.7007722007722008
665571.npz	False	357	588	0.6071428571428571
665959.npz	False	265	427	0.6206088992974239
666510.npz	False	249	355	0.7014084507042253
666681.npz	False	581	735	0.7904761904761904
666684.npz	False	70	439	0.15945330296127563
66692.npz	False	831	1107	0.7506775067750677
667014.npz	False	400	609	0.6568144499178982
667015.npz	False	443	571	0.7758318739054291
667128.npz	False	225	459	0.49019607843137253
667129.npz	False	541	1015	0.5330049261083744
670487.npz	False	425	614	0.6921824104234527
675635.npz	False	1327	1593	0.8330194601381042
675812.npz	False	188	553	0.3399638336347197
675813.npz	False	112	489	0.22903885480572597
675814.npz	False	5	91	0.054945054945054944
675815.npz	False	357	615	0.5804878048780487
675816.npz	False	71	592	0.11993243243243243
675817.npz	False	314	519	0.605009633911368
676032.npz	False	447	528	0.8465909090909091
679189.npz	False	109	211	0.5165876777251185
679190.npz	False	82	215	0.3813953488372093
679191.npz	False	85	206	0.41262135922330095
679192.npz	False	66	124	0.532258064516129
679197.npz	False	235	410	0.573170731707317
679897.npz	False	345	432	0.7986111111111112
679901.npz	False	400	533	0.7504690431519699
679926.npz	False	391	560	0.6982142857142857
679937.npz	False	87	273	0.31868131868131866
680198.npz	False	1093	1458	0.7496570644718793
680646.npz	False	387	550	0.7036363636363636
682634.npz	False	1129	1501	0.7521652231845436
682795.npz	False	785	972	0.8076131687242798
685035.npz	False	93	365	0.2547945205479452
685727.npz	False	947	1206	0.785240464344942
688245.npz	False	723	1102	0.6560798548094374
688246.npz	False	140	300	0.4666666666666667
688269.npz	False	394	534	0.7378277153558053
688270.npz	False	599	709	0.844851904090268
69014.npz	False	288	439	0.6560364464692483
690566.npz	False	849	1031	0.8234723569350145
690850.npz	False	568	887	0.6403607666290868
69293.npz	False	14	45	0.3111111111111111
693661.npz	False	343	473	0.7251585623678647
693746.npz	False	470	692	0.6791907514450867
693977.npz	False	334	427	0.7822014051522248
693979.npz	False	484	620	0.7806451612903226
694427.npz	False	468	624	0.75
694429.npz	False	267	343	0.7784256559766763
6945.npz	False	1211	2052	0.5901559454191033
694569.npz	False	515	703	0.732574679943101
696125.npz	False	276	391	0.7058823529411765
696127.npz	False	187	267	0.700374531835206
696369.npz	False	146	392	0.37244897959183676
696747.npz	False	544	797	0.6825595984943539
697281.npz	False	444	698	0.6361031518624641
697282.npz	False	109	391	0.27877237851662406
697303.npz	False	520	715	0.7272727272727273
697329.npz	False	455	534	0.8520599250936329
698737.npz	False	488	748	0.6524064171122995
698757.npz	False	358	516	0.6937984496124031
698964.npz	False	420	617	0.6807131280388979
699184.npz	False	87	231	0.37662337662337664
699218.npz	False	104	244	0.4262295081967213
699246.npz	False	154	322	0.4782608695652174
700015.npz	False	400	495	0.8080808080808081
700598.npz	False	825	1049	0.786463298379409
701176.npz	False	352	625	0.5632
701347.npz	False	498	783	0.6360153256704981
701521.npz	False	314	488	0.6434426229508197
702113.npz	False	704	909	0.7744774477447744
702438.npz	False	21	117	0.1794871794871795
702450.npz	False	86	264	0.32575757575757575
7029.npz	False	1202	1867	0.6438136047134441
70448.npz	False	469	895	0.524022346368715
70601.npz	False	242	370	0.654054054054054
706191.npz	False	861	1254	0.6866028708133971
706433.npz	False	100	197	0.5076142131979695
706434.npz	False	101	263	0.3840304182509506
706436.npz	False	100	517	0.19342359767891681
706437.npz	False	142	250	0.568
7070.npz	False	1149	1734	0.6626297577854672
708616.npz	False	91	169	0.5384615384615384
709032.npz	False	452	647	0.6986089644513137
7091.npz	False	1148	1732	0.6628175519630485
709986.npz	False	586	793	0.7389659520807061
709991.npz	False	483	607	0.7957166392092258
710393.npz	False	77	219	0.3515981735159817
710685.npz	False	1131	1391	0.8130841121495327
710696.npz	False	693	977	0.7093142272262026
712898.npz	False	833	1157	0.7199654278305964
712938.npz	False	238	335	0.7104477611940299
713887.npz	False	36	195	0.18461538461538463
71421.npz	False	59	356	0.16573033707865167
714313.npz	False	198	294	0.673469387755102
714943.npz	False	144	422	0.3412322274881517
714995.npz	False	140	426	0.3286384976525822
715225.npz	False	147	555	0.2648648648648649
715226.npz	False	67	383	0.17493472584856398
715451.npz	False	709	924	0.7673160173160173
7159.npz	False	1284	1994	0.6439317953861585
7165.npz	False	1242	1808	0.6869469026548672
716541.npz	False	471	712	0.6615168539325843
716544.npz	False	315	401	0.7855361596009975
717231.npz	False	399	606	0.6584158415841584
7176.npz	False	1197	1846	0.6484290357529794
717606.npz	False	126	477	0.2641509433962264
717608.npz	False	354	543	0.6519337016574586
717773.npz	False	427	513	0.8323586744639376
717774.npz	False	811	1165	0.696137339055794
717785.npz	False	779	1049	0.7426120114394662
717959.npz	False	308	425	0.7247058823529412
717960.npz	False	179	301	0.5946843853820598
717962.npz	False	396	578	0.6851211072664359
718252.npz	False	329	523	0.6290630975143403
718254.npz	False	155	476	0.32563025210084034
718255.npz	False	437	729	0.5994513031550068
720554.npz	False	139	327	0.42507645259938837
720555.npz	False	720	1038	0.6936416184971098
7217.npz	False	1385	2078	0.6665062560153994
7222.npz	False	1443	2203	0.655015887426237
722438.npz	False	84	131	0.6412213740458015
7227.npz	False	10065	10132	0.9933872878010265
7237.npz	False	1403	2111	0.6646139270487921
7244.npz	False	1399	2134	0.6555763823805061
7245.npz	False	1438	2119	0.6786219915054271
7260.npz	False	1367	2092	0.6534416826003824
741091.npz	False	962	1320	0.7287878787878788
742159.npz	False	471	1088	0.4329044117647059
7425.npz	False	830	1397	0.5941302791696492
742723.npz	False	18	117	0.15384615384615385
742740.npz	False	153	289	0.5294117647058824
742766.npz	False	86	239	0.3598326359832636
742767.npz	False	100	257	0.38910505836575876
742821.npz	False	60	242	0.24793388429752067
743299.npz	False	589	715	0.8237762237762237
743525.npz	False	551	693	0.7950937950937951
743718.npz	False	548	748	0.732620320855615
743720.npz	False	897	1293	0.6937354988399071
743721.npz	False	647	787	0.8221092757306226
743722.npz	False	726	872	0.8325688073394495
743965.npz	False	96	149	0.6442953020134228
744872.npz	False	415	733	0.5661664392905866
744980.npz	False	428	700	0.6114285714285714
745277.npz	False	932	1299	0.7174749807544265
74546.npz	False	378	535	0.7065420560747664
74547.npz	False	407	627	0.6491228070175439
7460.npz	False	1086	1561	0.6957078795643818
747365.npz	False	412	528	0.7803030303030303
747682.npz	False	13	79	0.16455696202531644
748224.npz	False	45	223	0.20179372197309417
748671.npz	False	290	443	0.654627539503386
748727.npz	False	601	931	0.6455424274973147
749222.npz	False	401	547	0.7330895795246801
749414.npz	False	1430	1853	0.7717215326497572
749927.npz	False	1426	1950	0.7312820512820513
754027.npz	False	57	167	0.3413173652694611
754252.npz	False	473	610	0.7754098360655738
755731.npz	False	557	850	0.6552941176470588
755732.npz	False	426	557	0.7648114901256733
756067.npz	False	100	421	0.2375296912114014
756272.npz	False	529	748	0.7072192513368984
756883.npz	False	426	572	0.7447552447552448
757424.npz	False	949	1386	0.6847041847041847
759362.npz	False	485	727	0.6671251719394773
759914.npz	False	385	546	0.7051282051282052
760011.npz	False	294	551	0.5335753176043557
760142.npz	False	409	540	0.7574074074074074
760192.npz	False	793	920	0.8619565217391304
760568.npz	False	544	822	0.6618004866180048
76114.npz	False	753	982	0.7668024439918534
761193.npz	False	695	859	0.8090803259604191
762051.npz	False	374	568	0.6584507042253521
762376.npz	False	1240	1780	0.6966292134831461
762550.npz	False	372	551	0.6751361161524501
762903.npz	False	497	665	0.7473684210526316
762948.npz	False	363	488	0.7438524590163934
762963.npz	False	81	288	0.28125
762982.npz	False	76	304	0.25
762983.npz	False	166	327	0.5076452599388379
762984.npz	False	160	391	0.4092071611253197
763034.npz	False	136	372	0.3655913978494624
764298.npz	False	59	289	0.2041522491349481
764299.npz	False	49	277	0.17689530685920576
765123.npz	False	199	389	0.5115681233933161
765177.npz	False	179	273	0.6556776556776557
765420.npz	False	43	315	0.1365079365079365
765698.npz	False	1133	1651	0.6862507571168989
765910.npz	False	298	482	0.6182572614107884
765952.npz	False	304	437	0.6956521739130435
7668.npz	False	1183	1746	0.6775486827033219
767031.npz	False	362	444	0.8153153153153153
767100.npz	False	38	128	0.296875
768066.npz	False	841	1142	0.7364273204903677
768670.npz	False	414	580	0.7137931034482758
768679.npz	False	370	504	0.7341269841269841
76869.npz	False	1101	1447	0.7608845888044229
768706.npz	False	997	1354	0.7363367799113737
768726.npz	False	107	259	0.41312741312741313
771870.npz	False	816	1333	0.6121530382595649
7719.npz	False	895	1372	0.652332361516035
7739.npz	False	2112	3015	0.700497512437811
78245.npz	False	915	1240	0.7379032258064516
7897.npz	False	2993	3826	0.7822791427077889
795359.npz	False	325	432	0.7523148148148148
7955.npz	False	6773	7377	0.9181238986037684
795797.npz	False	436	576	0.7569444444444444
796620.npz	False	347	563	0.6163410301953819
797209.npz	False	169	402	0.42039800995024873
797210.npz	False	450	663	0.6787330316742082
79929.npz	False	377	477	0.790356394129979
8083.npz	False	3580	4503	0.795025538529869
8090.npz	False	3237	4134	0.7830188679245284
8128.npz	False	12	32	0.375
83332.npz	False	83	511	0.162426614481409
83406.npz	False	619	816	0.758578431372549
8364.npz	False	5977	6509	0.9182670149024428
84588.npz	False	456	668	0.6826347305389222
85643.npz	False	758	1025	0.7395121951219512
856793.npz	False	352	482	0.7302904564315352
857087.npz	False	721	909	0.7931793179317932
857571.npz	False	44	286	0.15384615384615385
858215.npz	False	431	635	0.6787401574803149
858619.npz	False	568	754	0.753315649867374
859194.npz	False	50	91	0.5494505494505495
85962.npz	False	1129	1138	0.992091388400703
85963.npz	False	35	230	0.15217391304347827
859654.npz	False	232	285	0.8140350877192982
860228.npz	False	369	449	0.821826280623608
861208.npz	False	916	1369	0.6691015339663988
861360.npz	False	649	891	0.7283950617283951
861557.npz	False	935	1450	0.6448275862068965
862514.npz	False	79	281	0.28113879003558717
862515.npz	False	122	256	0.4765625
862517.npz	False	109	239	0.4560669456066946
862719.npz	False	396	610	0.6491803278688525
862751.npz	False	1011	1397	0.7236936292054402
862908.npz	False	460	598	0.7692307692307693
862965.npz	False	421	614	0.6856677524429967
864563.npz	False	71	326	0.21779141104294478
864564.npz	False	57	222	0.25675675675675674
864565.npz	False	180	338	0.5325443786982249
864567.npz	False	149	329	0.45288753799392095
864570.npz	False	86	257	0.3346303501945525
865938.npz	False	369	453	0.8145695364238411
866771.npz	False	114	227	0.5022026431718062
866774.npz	False	49	155	0.3161290322580645
866775.npz	False	331	505	0.6554455445544555
866776.npz	False	153	320	0.478125
867900.npz	False	527	638	0.8260188087774295
867903.npz	False	234	475	0.4926315789473684
868131.npz	False	399	516	0.7732558139534884
868864.npz	False	342	473	0.7230443974630021
869209.npz	False	313	477	0.6561844863731656
869210.npz	False	520	683	0.7613469985358712
871237.npz	False	117	284	0.4119718309859155
871271.npz	False	19	74	0.25675675675675674
871585.npz	False	835	991	0.8425832492431887
873448.npz	False	130	286	0.45454545454545453
873449.npz	False	141	254	0.5551181102362205
873517.npz	False	119	278	0.42805755395683454
873533.npz	False	169	302	0.5596026490066225
875328.npz	False	838	1038	0.8073217726396917
876142.npz	False	87	246	0.35365853658536583
87626.npz	False	234	459	0.5098039215686274
879243.npz	False	290	393	0.7379134860050891
879305.npz	False	55	192	0.2864583333333333
879308.npz	False	32	143	0.22377622377622378
879309.npz	False	75	266	0.2819548872180451
879310.npz	False	44	258	0.17054263565891473
880070.npz	False	617	754	0.8183023872679045
880072.npz	False	482	672	0.7172619047619048
88036.npz	False	2760	4345	0.6352128883774454
880447.npz	False	116	193	0.6010362694300518
880724.npz	False	369	495	0.7454545454545455
881621.npz	False	499	778	0.6413881748071979
882.npz	False	736	1023	0.7194525904203324
882102.npz	False	739	1049	0.7044804575786463
882378.npz	False	528	663	0.7963800904977375
882884.npz	False	873	1226	0.7120717781402937
883.npz	False	502	809	0.6205191594561187
886377.npz	False	556	637	0.8728414442700158
886882.npz	False	214	469	0.4562899786780384
887324.npz	False	237	531	0.4463276836158192
887325.npz	False	166	459	0.3616557734204793
887327.npz	False	182	398	0.457286432160804
887898.npz	False	256	517	0.4951644100580271
887929.npz	False	247	468	0.5277777777777778
888048.npz	False	199	388	0.5128865979381443
888049.npz	False	127	342	0.3713450292397661
888052.npz	False	81	272	0.2977941176470588
888056.npz	False	85	333	0.2552552552552553
888057.npz	False	188	413	0.4552058111380145
888059.npz	False	56	249	0.2248995983935743
888060.npz	False	197	462	0.4264069264069264
888741.npz	False	89	367	0.24250681198910082
888742.npz	False	199	438	0.454337899543379
888743.npz	False	156	277	0.5631768953068592
888746.npz	False	110	304	0.3618421052631579
888832.npz	False	151	311	0.4855305466237942
888833.npz	False	179	387	0.4625322997416021
889201.npz	False	171	327	0.5229357798165137
889513.npz	False	156	333	0.46846846846846846
891391.npz	False	314	469	0.6695095948827292
89187.npz	False	319	663	0.48114630467571645
891974.npz	False	686	927	0.7400215749730313
9031.npz	False	4755	5208	0.9130184331797235
903503.npz	False	64	136	0.47058823529411764
903510.npz	False	935	1380	0.677536231884058
903814.npz	False	572	864	0.6620370370370371
904293.npz	False	204	300	0.68
904294.npz	False	66	192	0.34375
904296.npz	False	63	221	0.2850678733031674
904306.npz	False	168	282	0.5957446808510638
906968.npz	False	361	625	0.5776
907239.npz	False	285	419	0.6801909307875895
907931.npz	False	65	248	0.2620967741935484
907965.npz	False	91	254	0.35826771653543305
908337.npz	False	124	209	0.5933014354066986
908338.npz	False	63	232	0.27155172413793105
908340.npz	False	82	333	0.24624624624624625
908612.npz	False	39	221	0.17647058823529413
908937.npz	False	420	507	0.8284023668639053
9103.npz	False	2042	2656	0.7688253012048193
910313.npz	False	128	282	0.45390070921985815
910314.npz	False	47	154	0.3051948051948052
911045.npz	False	975	1400	0.6964285714285714
911104.npz	False	104	324	0.32098765432098764
913848.npz	False	125	330	0.3787878787878788
9258.npz	False	3123	3817	0.8181818181818182
926562.npz	False	465	564	0.824468085106383
926569.npz	False	412	638	0.64576802507837
927666.npz	False	341	492	0.693089430894309
929506.npz	False	369	570	0.6473684210526316
930171.npz	False	756	1042	0.72552783109405
9305.npz	False	4291	5004	0.8575139888089528
93059.npz	False	408	558	0.7311827956989247
93060.npz	False	399	570	0.7
93061.npz	False	491	763	0.6435124508519003
93062.npz	False	149	408	0.36519607843137253
930942.npz	False	143	263	0.5437262357414449
930945.npz	False	419	546	0.7673992673992674
930946.npz	False	21	164	0.12804878048780488
931626.npz	False	560	863	0.6488991888760139
931890.npz	False	730	1087	0.671573137074517
933115.npz	False	230	394	0.583756345177665
933801.npz	False	337	458	0.7358078602620087
936140.npz	False	195	370	0.527027027027027
936155.npz	False	329	466	0.7060085836909872
937774.npz	False	310	477	0.649895178197065
940190.npz	False	291	464	0.6271551724137931
940615.npz	False	177	374	0.4732620320855615
94122.npz	False	759	949	0.7997892518440464
941770.npz	False	46	144	0.3194444444444444
944547.npz	False	495	718	0.6894150417827298
944559.npz	False	202	468	0.43162393162393164
944560.npz	False	64	261	0.24521072796934865
944562.npz	False	130	262	0.4961832061068702
944564.npz	False	20	218	0.09174311926605505
944565.npz	False	32	113	0.2831858407079646
945021.npz	False	425	649	0.6548536209553159
945543.npz	False	87	592	0.14695945945945946
945712.npz	False	75	301	0.24916943521594684
9483.npz	False	37	327	0.11314984709480122
9544.npz	False	4205	5003	0.840495702578453
9593.npz	False	4383	5309	0.8255792051233753
9598.npz	False	4320	5166	0.8362369337979094
9601.npz	False	4286	5102	0.840062720501764
9606.npz	False	16415	16439	0.9985400571810937
9615.npz	False	7421	7923	0.9366401615549665
9646.npz	False	4353	5034	0.864719904648391
96561.npz	False	567	749	0.7570093457943925
9669.npz	False	24	173	0.13872832369942195
9685.npz	False	4546	5285	0.8601702932828761
9739.npz	False	20	110	0.18181818181818182
977880.npz	False	1257	1569	0.8011472275334608
9785.npz	False	19	171	0.1111111111111111
979556.npz	False	730	1060	0.6886792452830188
9796.npz	False	4665	5395	0.8646895273401297
981222.npz	False	532	696	0.764367816091954
9813.npz	False	9	57	0.15789473684210525
981383.npz	False	118	377	0.3129973474801061
9823.npz	False	7694	8201	0.938178270942568
983544.npz	False	499	601	0.8302828618968386
983545.npz	False	785	971	0.8084449021627188
983548.npz	False	494	592	0.8344594594594594
983920.npz	False	325	565	0.5752212389380531
984892.npz	False	528	719	0.7343532684283728
985002.npz	False	498	745	0.6684563758389261
985053.npz	False	379	481	0.7879417879417879
985665.npz	False	931	1398	0.6659513590844063
985867.npz	False	83	198	0.41919191919191917
986075.npz	False	56	337	0.1661721068249258
990316.npz	False	387	553	0.6998191681735986
9913.npz	False	8194	8615	0.951131746952989
991905.npz	False	856	1241	0.6897663174858985
992406.npz	False	312	395	0.789873417721519
99287.npz	False	1156	1485	0.7784511784511785
996637.npz	False	448	647	0.6924265842349304
997346.npz	False	128	554	0.23104693140794225
997352.npz	False	130	237	0.5485232067510548
997353.npz	False	140	243	0.5761316872427984
997830.npz	False	98	244	0.4016393442622951
998088.npz	False	820	1103	0.743427017225748
9986.npz	False	34	292	0.11643835616438356
99883.npz	False	13	41	0.3170731707317073
999541.npz	False	1304	1763	0.7396483267158253
999630.npz	False	381	464	0.8211206896551724
